date,bucket,category,gross,credits,net,exported
2026-08-25,base,disks,25.2416,0.0,25.2416,2026-09-02T21:40Z
2026-08-25,base,filestore,2.3246,0.0,2.3246,2026-08-27T04:40Z
2026-08-25,base,gke-fee,4.8,0.0,4.8,2026-09-02T21:40Z
2026-08-25,base,logging,4.7462,0.0,4.7462,2026-08-27T07:19Z
2026-08-25,base,monitoring,0.9226,0.0,0.9226,2026-09-02T21:40Z
2026-08-25,base,network,5.9086,-1.662,4.2466,2026-09-02T21:40Z
2026-08-25,base,other,0.0054,0.0,0.0054,2026-09-02T21:40Z
2026-08-25,base,snapshots,10.648,0.0,10.648,2026-09-02T21:40Z
2026-08-25,base,vm,36.59,-9.3941,27.1959,2026-09-02T21:40Z
2026-08-25,cpu,disks,2.3336,0.0,2.3336,2026-08-27T04:40Z
2026-08-25,cpu,network,0.5867,0.0,0.5867,2026-09-02T21:40Z
2026-08-25,cpu,vm,30.5726,-9.2412,21.3314,2026-09-02T21:40Z
2026-08-25,gpu,disks,0.2114,0.0,0.2114,2026-08-26T09:13Z
2026-08-25,gpu,gpu,1.5743,0.0,1.5743,2026-09-02T21:40Z
2026-08-25,gpu,network,0.0256,0.0,0.0256,2026-08-26T14:47Z
2026-08-25,gpu,vm,2.129,-0.847,1.2821,2026-09-02T21:40Z
2026-08-26,base,disks,25.4618,0.0,25.4618,2026-09-04T09:48Z
2026-08-26,base,filestore,2.3246,0.0,2.3246,2026-08-28T05:27Z
2026-08-26,base,gke-fee,4.8,0.0,4.8,2026-09-04T09:48Z
2026-08-26,base,logging,6.2786,0.0,6.2786,2026-09-04T09:48Z
2026-08-26,base,monitoring,0.9879,0.0,0.9879,2026-09-04T09:48Z
2026-08-26,base,network,6.8073,-2.109,4.6983,2026-09-04T09:48Z
2026-08-26,base,other,0.0103,0.0,0.0103,2026-08-28T03:21Z
2026-08-26,base,snapshots,10.2287,0.0,10.2287,2026-09-04T09:48Z
2026-08-26,base,vm,37.8763,-7.9477,29.9286,2026-09-04T09:48Z
2026-08-26,cpu,disks,5.0885,0.0,5.0885,2026-08-28T05:27Z
2026-08-26,cpu,network,1.2688,0.0,1.2688,2026-09-04T09:48Z
2026-08-26,cpu,vm,66.027,-14.7684,51.2586,2026-09-04T09:48Z
2026-08-26,gpu,disks,0.2361,0.0,0.2361,2026-08-27T03:22Z
2026-08-26,gpu,gpu,1.7743,-0.0196,1.7547,2026-09-04T09:48Z
2026-08-26,gpu,network,0.0281,0.0,0.0281,2026-08-27T05:49Z
2026-08-26,gpu,vm,2.3993,-1.0472,1.3522,2026-09-04T09:48Z
2026-08-27,base,disks,25.5138,0.0,25.5138,2026-09-06T03:33Z
2026-08-27,base,filestore,2.3246,0.0,2.3246,2026-08-29T03:03Z
2026-08-27,base,gke-fee,4.8,0.0,4.8,2026-09-06T03:33Z
2026-08-27,base,logging,7.2459,0.0,7.2459,2026-09-06T03:33Z
2026-08-27,base,monitoring,0.9995,0.0,0.9995,2026-09-06T03:33Z
2026-08-27,base,network,6.8147,-2.31,4.5048,2026-09-06T03:33Z
2026-08-27,base,other,0.0275,0.0,0.0275,2026-09-04T09:48Z
2026-08-27,base,snapshots,10.6606,0.0,10.6606,2026-09-06T03:33Z
2026-08-27,base,vm,37.8736,-8.9258,28.9478,2026-09-06T03:36Z
2026-08-27,cpu,disks,2.8544,0.0,2.8544,2026-08-29T06:30Z
2026-08-27,cpu,network,0.7157,0.0,0.7157,2026-09-06T02:32Z
2026-08-27,cpu,vm,37.1903,-9.7914,27.3989,2026-09-06T03:33Z
2026-08-27,gpu,disks,4.3795,0.0,4.3795,2026-08-28T08:19Z
2026-08-27,gpu,gpu,32.9156,-0.193,32.7226,2026-09-06T03:36Z
2026-08-27,gpu,network,0.4801,0.0,0.4801,2026-08-28T10:32Z
2026-08-27,gpu,vm,44.5094,-3.894,40.6154,2026-09-06T03:36Z
2026-08-28,base,disks,25.5757,0.0,25.5757,2026-09-07T21:16Z
2026-08-28,base,filestore,2.3246,0.0,2.3246,2026-09-07T21:16Z
2026-08-28,base,gke-fee,4.8,0.0,4.8,2026-09-06T01:13Z
2026-08-28,base,logging,4.8776,0.0,4.8776,2026-09-07T21:16Z
2026-08-28,base,monitoring,0.953,0.0,0.953,2026-09-07T21:16Z
2026-08-28,base,network,6.3247,-1.974,4.3508,2026-09-07T21:16Z
2026-08-28,base,other,0.0232,0.0,0.0232,2026-09-06T03:33Z
2026-08-28,base,snapshots,10.3518,0.0,10.3518,2026-08-31T03:35Z
2026-08-28,base,vm,37.8877,-8.3026,29.5851,2026-09-07T21:16Z
2026-08-28,cpu,disks,3.9235,0.0,3.9235,2026-08-31T03:35Z
2026-08-28,cpu,network,0.9814,0.0,0.9814,2026-09-07T21:16Z
2026-08-28,cpu,vm,50.8613,-11.6245,39.2368,2026-09-07T21:16Z
2026-08-28,gpu,disks,0.7064,0.0,0.7064,2026-08-30T16:39Z
2026-08-28,gpu,gpu,5.2881,-0.5072,4.7809,2026-08-31T09:13Z
2026-08-28,gpu,network,0.0931,0.0,0.0931,2026-08-29T14:24Z
2026-08-28,gpu,vm,7.1507,-2.5148,4.6359,2026-08-31T09:13Z
2026-08-29,base,disks,25.5733,0.0,25.5733,2026-08-31T17:43Z
2026-08-29,base,filestore,2.3246,0.0,2.3246,2026-08-31T12:24Z
2026-08-29,base,gke-fee,4.8,0.0,4.8,2026-08-31T16:08Z
2026-08-29,base,logging,3.3821,0.0,3.3821,2026-08-31T16:08Z
2026-08-29,base,monitoring,0.878,0.0,0.878,2026-08-31T17:43Z
2026-08-29,base,network,4.8104,-1.503,3.3075,2026-08-31T17:43Z
2026-08-29,base,other,0.0232,0.0,0.0232,2026-08-31T16:08Z
2026-08-29,base,snapshots,10.2011,0.0,10.2011,2026-08-31T11:27Z
2026-08-29,base,vm,37.8763,-10.7825,27.0938,2026-08-31T17:43Z
2026-08-29,cpu,disks,1.2564,0.0,1.2564,2026-08-31T10:31Z
2026-08-29,cpu,network,0.3141,0.0,0.3141,2026-08-31T10:31Z
2026-08-29,cpu,vm,16.3131,-5.5248,10.7882,2026-08-31T16:08Z
2026-08-29,gpu,disks,0.1605,0.0,0.1605,2026-08-31T05:30Z
2026-08-29,gpu,gpu,1.184,-0.1993,0.9847,2026-08-31T12:24Z
2026-08-29,gpu,network,0.0178,0.0,0.0178,2026-08-30T14:26Z
2026-08-29,gpu,vm,1.6014,-0.6753,0.9261,2026-08-31T12:24Z
2026-08-30,base,disks,25.5288,0.0,25.5288,2026-09-01T08:50Z
2026-08-30,base,filestore,2.3246,0.0,2.3246,2026-09-01T08:50Z
2026-08-30,base,gke-fee,4.8,0.0,4.8,2026-09-01T20:07Z
2026-08-30,base,logging,4.3067,0.0,4.3067,2026-09-01T08:50Z
2026-08-30,base,monitoring,0.9627,0.0,0.9627,2026-09-01T22:27Z
2026-08-30,base,network,5.5278,-1.536,3.9918,2026-09-01T20:07Z
2026-08-30,base,other,0.0238,0.0,0.0238,2026-09-01T00:43Z
2026-08-30,base,snapshots,10.1642,0.0,10.1642,2026-09-01T08:50Z
2026-08-30,base,vm,37.9179,-11.8843,26.0337,2026-09-01T22:27Z
2026-08-30,cpu,disks,1.2714,0.0,1.2714,2026-09-01T08:50Z
2026-08-30,cpu,network,0.3188,0.0,0.3188,2026-09-01T08:50Z
2026-08-30,cpu,vm,16.5164,-6.206,10.3104,2026-09-01T22:27Z
2026-08-30,gpu,disks,0.3752,0.0,0.3752,2026-08-31T16:08Z
2026-08-30,gpu,gpu,2.8499,-0.1979,2.6519,2026-09-01T11:35Z
2026-08-30,gpu,network,0.0422,0.0,0.0422,2026-08-31T14:22Z
2026-08-30,gpu,vm,3.8535,-1.0923,2.7612,2026-09-01T20:07Z
2026-08-31,base,disks,25.55,0.0,25.55,2026-09-03T09:41Z
2026-08-31,base,filestore,2.3246,0.0,2.3246,2026-09-02T03:54Z
2026-08-31,base,gke-fee,4.8,0.0,4.8,2026-09-03T09:41Z
2026-08-31,base,logging,6.2313,0.0,6.2313,2026-09-03T01:40Z
2026-08-31,base,monitoring,1.0132,0.0,1.0132,2026-09-03T01:52Z
2026-08-31,base,network,7.9159,-1.902,6.0139,2026-09-03T09:41Z
2026-08-31,base,other,0.0232,0.0,0.0232,2026-09-02T05:48Z
2026-08-31,base,snapshots,10.7533,0.0,10.7533,2026-09-03T01:52Z
2026-08-31,base,vm,37.8764,-9.6535,28.2229,2026-09-03T09:41Z
2026-08-31,cpu,disks,3.7013,0.0,3.7013,2026-09-02T03:54Z
2026-08-31,cpu,network,0.925,0.0,0.925,2026-09-03T01:52Z
2026-08-31,cpu,vm,48.0055,-12.6126,35.3929,2026-09-03T09:41Z
2026-08-31,gpu,disks,0.5573,0.0,0.5573,2026-09-01T13:42Z
2026-08-31,gpu,gpu,4.2533,-0.5886,3.6647,2026-09-03T01:52Z
2026-08-31,gpu,network,0.0637,0.0,0.0637,2026-09-03T01:52Z
2026-08-31,gpu,vm,5.7509,-2.1297,3.6212,2026-09-03T01:52Z
2026-09-01,base,disks,26.2968,0.0,26.2968,2026-09-04T17:06Z
2026-09-01,base,filestore,2.4021,0.0,2.4021,2026-09-03T16:54Z
2026-09-01,base,gke-fee,4.8,-4.8,0.0,2026-09-02T13:13Z
2026-09-01,base,logging,0.0,0.0,0.0,2026-09-02T12:35Z
2026-09-01,base,monitoring,1.0222,0.0,1.0222,2026-09-04T21:55Z
2026-09-01,base,network,6.9066,-1.983,4.9236,2026-09-04T17:06Z
2026-09-01,base,other,0.004,0.0,0.004,2026-09-03T16:54Z
2026-09-01,base,snapshots,11.0067,0.0,11.0067,2026-09-04T21:27Z
2026-09-01,base,vm,40.139,0.0,40.139,2026-09-04T21:55Z
2026-09-01,cpu,disks,2.7525,0.0,2.7525,2026-09-03T16:54Z
2026-09-01,cpu,network,0.5742,0.0,0.5742,2026-09-03T17:45Z
2026-09-01,cpu,vm,34.5811,0.0,34.5811,2026-09-04T21:55Z
2026-09-01,gpu,disks,2.6106,0.0,2.6106,2026-09-04T23:55Z
2026-09-01,gpu,gpu,19.2727,0.0,19.2727,2026-09-04T21:55Z
2026-09-01,gpu,network,0.2616,0.0,0.2616,2026-09-02T15:39Z
2026-09-01,gpu,vm,26.0585,0.0,26.0585,2026-09-04T23:55Z
2026-09-02,base,disks,26.4106,0.0,26.4106,2026-09-16T11:58Z
2026-09-02,base,filestore,2.4021,0.0,2.4021,2026-09-16T11:58Z
2026-09-02,base,gke-fee,4.8,-4.8,0.0,2026-09-03T16:54Z
2026-09-02,base,logging,0.0,0.0,0.0,2026-09-03T12:52Z
2026-09-02,base,monitoring,1.0523,0.0,1.0523,2026-09-16T11:58Z
2026-09-02,base,network,8.5835,-2.112,6.4715,2026-09-16T11:58Z
2026-09-02,base,other,0.004,0.0,0.004,2026-09-03T21:56Z
2026-09-02,base,snapshots,10.8046,0.0,10.8046,2026-09-16T11:58Z
2026-09-02,base,vm,37.8763,0.0,37.8763,2026-09-16T11:58Z
2026-09-02,cpu,disks,5.2791,0.0,5.2791,2026-09-04T04:00Z
2026-09-02,cpu,network,1.2776,0.0,1.2776,2026-09-16T11:58Z
2026-09-02,cpu,vm,66.2908,0.0,66.2908,2026-09-16T11:58Z
2026-09-02,gpu,disks,0.6788,0.0,0.6788,2026-09-04T04:00Z
2026-09-02,gpu,gpu,5.0171,0.0,5.0171,2026-09-06T10:16Z
2026-09-02,gpu,network,0.0724,0.0,0.0724,2026-09-04T16:17Z
2026-09-02,gpu,vm,6.7837,0.0,6.7837,2026-09-16T11:58Z
2026-09-03,base,disks,26.4106,0.0,26.4106,2026-09-11T04:28Z
2026-09-03,base,filestore,2.4021,0.0,2.4021,2026-09-05T04:04Z
2026-09-03,base,gke-fee,4.8,-4.8,0.0,2026-09-04T13:17Z
2026-09-03,base,logging,0.0,0.0,0.0,2026-09-04T12:30Z
2026-09-03,base,monitoring,1.0247,0.0,1.0247,2026-09-06T15:19Z
2026-09-03,base,network,6.9139,-1.851,5.0629,2026-09-06T16:29Z
2026-09-03,base,other,0.004,0.0,0.004,2026-09-05T06:19Z
2026-09-03,base,snapshots,10.9953,0.0,10.9953,2026-09-06T16:29Z
2026-09-03,base,vm,37.8763,0.0,37.8763,2026-09-11T04:28Z
2026-09-03,cpu,disks,2.295,0.0,2.295,2026-09-05T04:04Z
2026-09-03,cpu,network,0.5556,0.0,0.5556,2026-09-06T16:29Z
2026-09-03,cpu,vm,28.8048,0.0,28.8048,2026-09-11T04:28Z
2026-09-03,gpu,disks,2.9323,0.0,2.9323,2026-09-05T04:04Z
2026-09-03,gpu,gpu,21.6596,0.0,21.6596,2026-09-11T04:28Z
2026-09-03,gpu,network,0.324,0.0,0.324,2026-09-06T16:29Z
2026-09-03,gpu,vm,29.286,0.0,29.286,2026-09-11T04:28Z
2026-09-04,base,disks,26.4106,0.0,26.4106,2026-09-07T02:50Z
2026-09-04,base,filestore,2.4021,0.0,2.4021,2026-09-06T04:22Z
2026-09-04,base,gke-fee,4.8,-4.8,0.0,2026-09-05T14:03Z
2026-09-04,base,logging,0.0,0.0,0.0,2026-09-05T12:47Z
2026-09-04,base,monitoring,1.0296,0.0,1.0296,2026-09-07T02:50Z
2026-09-04,base,network,6.8905,-1.911,4.9795,2026-09-07T02:50Z
2026-09-04,base,other,0.004,0.0,0.004,2026-09-05T21:38Z
2026-09-04,base,snapshots,11.077,0.0,11.077,2026-09-06T16:29Z
2026-09-04,base,vm,37.8764,0.0,37.8764,2026-09-07T02:50Z
2026-09-04,cpu,disks,3.6119,0.0,3.6119,2026-09-07T02:50Z
2026-09-04,cpu,network,0.8738,0.0,0.8738,2026-09-07T02:50Z
2026-09-04,cpu,vm,45.2969,0.0,45.2969,2026-09-07T02:50Z
2026-09-04,gpu,disks,0.8891,0.0,0.8891,2026-09-05T07:54Z
2026-09-04,gpu,gpu,6.5607,0.0,6.5607,2026-09-07T02:50Z
2026-09-04,gpu,network,0.119,0.0,0.119,2026-09-05T08:49Z
2026-09-04,gpu,vm,8.8709,0.0,8.8709,2026-09-07T02:50Z
2026-09-05,base,disks,26.4116,0.0,26.4116,2026-09-07T05:42Z
2026-09-05,base,filestore,2.4021,0.0,2.4021,2026-09-07T00:18Z
2026-09-05,base,gke-fee,4.8,-4.8,0.0,2026-09-06T14:27Z
2026-09-05,base,logging,1.964,0.0,1.964,2026-09-07T05:42Z
2026-09-05,base,monitoring,0.9438,0.0,0.9438,2026-09-07T11:48Z
2026-09-05,base,network,5.2311,-1.443,3.7881,2026-09-07T10:36Z
2026-09-05,base,other,0.004,0.0,0.004,2026-09-07T00:18Z
2026-09-05,base,snapshots,10.8232,0.0,10.8232,2026-09-07T07:41Z
2026-09-05,base,vm,37.8877,0.0,37.8877,2026-09-07T11:48Z
2026-09-05,cpu,disks,1.0,0.0,1.0,2026-09-07T01:13Z
2026-09-05,cpu,network,0.243,0.0,0.243,2026-09-07T10:36Z
2026-09-05,cpu,vm,12.5773,0.0,12.5773,2026-09-07T10:36Z
2026-09-05,gpu,disks,0.2278,0.0,0.2278,2026-09-06T12:19Z
2026-09-05,gpu,gpu,1.665,0.0,1.665,2026-09-07T10:36Z
2026-09-05,gpu,network,0.0261,0.0,0.0261,2026-09-07T10:36Z
2026-09-05,gpu,vm,2.2516,0.0,2.2516,2026-09-07T10:36Z
2026-09-06,base,disks,26.4106,0.0,26.4106,2026-09-08T09:27Z
2026-09-06,base,filestore,2.4021,0.0,2.4021,2026-09-08T09:27Z
2026-09-06,base,gke-fee,4.8,-4.8,0.0,2026-09-07T13:21Z
2026-09-06,base,logging,4.0078,0.0,4.0078,2026-09-08T09:27Z
2026-09-06,base,monitoring,0.8692,0.0,0.8692,2026-09-08T21:50Z
2026-09-06,base,network,5.8614,-1.521,4.3404,2026-09-08T21:50Z
2026-09-06,base,other,0.004,0.0,0.004,2026-09-08T12:17Z
2026-09-06,base,snapshots,10.753,0.0,10.753,2026-09-08T09:27Z
2026-09-06,base,vm,37.8764,0.0,37.8764,2026-09-08T13:37Z
2026-09-06,cpu,disks,1.4467,0.0,1.4467,2026-09-07T13:21Z
2026-09-06,cpu,network,0.3505,0.0,0.3505,2026-09-08T19:51Z
2026-09-06,cpu,vm,18.1737,0.0,18.1737,2026-09-08T21:50Z
2026-09-06,gpu,disks,0.3585,0.0,0.3585,2026-09-07T08:35Z
2026-09-06,gpu,gpu,2.6517,0.0,2.6517,2026-09-08T04:50Z
2026-09-06,gpu,network,0.0406,0.0,0.0406,2026-09-07T23:11Z
2026-09-06,gpu,vm,3.5854,0.0,3.5854,2026-09-08T01:15Z
2026-09-07,base,disks,26.4571,0.0,26.4571,2026-09-10T18:47Z
2026-09-07,base,filestore,2.4021,0.0,2.4021,2026-09-08T21:27Z
2026-09-07,base,gke-fee,4.8,-4.8,0.0,2026-09-08T13:28Z
2026-09-07,base,logging,4.3726,0.0,4.3726,2026-09-08T21:27Z
2026-09-07,base,monitoring,0.9289,0.0,0.9289,2026-09-10T18:47Z
2026-09-07,base,network,6.0734,-1.716,4.3574,2026-09-10T19:56Z
2026-09-07,base,other,0.0109,0.0,0.0109,2026-09-09T07:02Z
2026-09-07,base,snapshots,10.9767,0.0,10.9767,2026-09-08T21:27Z
2026-09-07,base,vm,37.8763,0.0,37.8763,2026-09-10T19:56Z
2026-09-07,cpu,disks,2.7555,0.0,2.7555,2026-09-08T21:27Z
2026-09-07,cpu,network,0.666,0.0,0.666,2026-09-10T18:47Z
2026-09-07,cpu,vm,34.5245,0.0,34.5245,2026-09-10T19:56Z
2026-09-07,gpu,disks,0.1053,0.0,0.1053,2026-09-08T09:25Z
2026-09-07,gpu,gpu,0.771,0.0,0.771,2026-09-10T19:56Z
2026-09-07,gpu,network,0.012,0.0,0.012,2026-09-09T10:03Z
2026-09-07,gpu,vm,1.0426,0.0,1.0426,2026-09-10T19:56Z
2026-09-08,base,disks,26.5285,0.0,26.5285,2026-09-17T22:06Z
2026-09-08,base,filestore,2.4021,0.0,2.4021,2026-09-10T06:53Z
2026-09-08,base,gke-fee,4.8,-3.6001,1.1998,2026-09-17T22:06Z
2026-09-08,base,logging,7.1413,0.0,7.1413,2026-09-10T06:53Z
2026-09-08,base,monitoring,0.9954,0.0,0.9954,2026-09-11T20:50Z
2026-09-08,base,network,8.5716,-2.076,6.4956,2026-09-17T22:06Z
2026-09-08,base,other,0.0354,0.0,0.0354,2026-09-10T04:03Z
2026-09-08,base,snapshots,11.0437,0.0,11.0437,2026-09-17T22:06Z
2026-09-08,base,vm,37.8764,-0.9445,36.9319,2026-09-17T22:06Z
2026-09-08,cpu,disks,3.7726,0.0,3.7726,2026-09-10T06:53Z
2026-09-08,cpu,network,0.9169,0.0,0.9169,2026-09-17T22:06Z
2026-09-08,cpu,vm,47.4115,-1.9902,45.4213,2026-09-17T22:06Z
2026-09-08,gpu,disks,2.9802,0.0,2.9802,2026-09-09T14:29Z
2026-09-08,gpu,gpu,21.9947,0.0,21.9947,2026-09-17T22:06Z
2026-09-08,gpu,network,0.3448,0.0,0.3448,2026-09-17T22:06Z
2026-09-08,gpu,vm,29.7398,-0.1396,29.6001,2026-09-17T22:06Z
2026-09-09,base,disks,26.5286,0.0,26.5286,2026-09-17T22:40Z
2026-09-09,base,filestore,2.4021,0.0,2.4021,2026-09-17T22:40Z
2026-09-09,base,gke-fee,4.8,0.0,4.8,2026-09-17T22:40Z
2026-09-09,base,logging,6.4281,0.0,6.4281,2026-09-17T22:40Z
2026-09-09,base,monitoring,0.9962,0.0,0.9962,2026-09-17T22:40Z
2026-09-09,base,network,7.7793,-2.1,5.6793,2026-09-17T22:40Z
2026-09-09,base,other,0.0427,0.0,0.0427,2026-09-11T02:09Z
2026-09-09,base,snapshots,11.0668,0.0,11.0668,2026-09-17T22:06Z
2026-09-09,base,vm,37.8763,-2.6914,35.1849,2026-09-17T22:40Z
2026-09-09,cpu,disks,3.6218,0.0,3.6218,2026-09-11T02:09Z
2026-09-09,cpu,network,0.8787,0.0,0.8787,2026-09-17T22:06Z
2026-09-09,cpu,vm,45.408,-3.178,42.2301,2026-09-17T22:40Z
2026-09-09,gpu,disks,3.3754,0.0,3.3754,2026-09-11T02:09Z
2026-09-09,gpu,gpu,24.9374,0.0,24.9374,2026-09-17T22:40Z
2026-09-09,gpu,network,0.391,0.0,0.391,2026-09-11T05:39Z
2026-09-09,gpu,vm,33.7178,-1.2211,32.4967,2026-09-17T22:40Z
2026-09-10,base,disks,26.5285,0.0,26.5285,2026-09-21T09:45Z
2026-09-10,base,filestore,2.4021,0.0,2.4021,2026-09-13T01:08Z
2026-09-10,base,gke-fee,4.8,0.0,4.8,2026-09-21T09:45Z
2026-09-10,base,logging,5.5492,0.0,5.5492,2026-09-13T02:23Z
2026-09-10,base,monitoring,0.9815,0.0,0.9815,2026-09-17T22:40Z
2026-09-10,base,network,6.7795,-1.914,4.8656,2026-09-21T09:45Z
2026-09-10,base,other,0.0524,0.0,0.0524,2026-09-11T21:55Z
2026-09-10,base,snapshots,11.2011,0.0,11.2011,2026-09-13T01:08Z
2026-09-10,base,vm,37.8763,-3.5907,34.2856,2026-09-21T09:45Z
2026-09-10,cpu,disks,1.6911,0.0,1.6911,2026-09-11T21:55Z
2026-09-10,cpu,network,0.411,0.0,0.411,2026-09-13T03:48Z
2026-09-10,cpu,vm,21.2474,-2.3071,18.9403,2026-09-21T09:45Z
2026-09-10,gpu,disks,4.5048,0.0,4.5048,2026-09-13T01:08Z
2026-09-10,gpu,gpu,33.2224,0.0,33.2224,2026-09-21T09:45Z
2026-09-10,gpu,network,0.6431,0.0,0.6431,2026-09-13T01:08Z
2026-09-10,gpu,vm,44.9209,-1.9032,43.0177,2026-09-21T09:45Z
2026-09-11,base,disks,26.5286,0.0,26.5286,2026-09-21T09:45Z
2026-09-11,base,filestore,2.4021,0.0,2.4021,2026-09-12T22:36Z
2026-09-11,base,gke-fee,4.7999,0.0,4.7999,2026-09-21T09:45Z
2026-09-11,base,logging,5.3428,0.0,5.3428,2026-09-21T09:45Z
2026-09-11,base,monitoring,0.9555,0.0,0.9555,2026-09-14T23:41Z
2026-09-11,base,network,7.1473,-1.986,5.1613,2026-09-21T09:45Z
2026-09-11,base,other,0.0524,0.0,0.0524,2026-09-13T01:09Z
2026-09-11,base,snapshots,11.1487,0.0,11.1487,2026-09-13T09:00Z
2026-09-11,base,vm,37.8764,-3.1,34.7763,2026-09-21T09:45Z
2026-09-11,cpu,disks,3.4834,0.0,3.4834,2026-09-12T15:14Z
2026-09-11,cpu,network,0.8413,0.0,0.8413,2026-09-13T09:00Z
2026-09-11,cpu,vm,43.6823,-3.3257,40.3565,2026-09-14T23:02Z
2026-09-11,gpu,disks,2.0798,0.0,2.0798,2026-09-14T21:54Z
2026-09-11,gpu,gpu,15.3685,0.0,15.3685,2026-09-14T23:41Z
2026-09-11,gpu,network,0.2366,0.0,0.2366,2026-09-12T15:34Z
2026-09-11,gpu,vm,20.78,-0.8376,19.9424,2026-09-14T23:41Z
2026-09-12,base,disks,26.5286,0.0,26.5286,2026-09-14T23:41Z
2026-09-12,base,filestore,2.4021,0.0,2.4021,2026-09-14T04:28Z
2026-09-12,base,gke-fee,4.8,0.0,4.8,2026-09-24T04:50Z
2026-09-12,base,logging,3.7576,0.0,3.7576,2026-09-14T04:28Z
2026-09-12,base,monitoring,0.8615,0.0,0.8615,2026-09-15T21:29Z
2026-09-12,base,network,5.1393,-1.449,3.6903,2026-09-24T04:50Z
2026-09-12,base,other,0.0524,0.0,0.0524,2026-09-14T01:30Z
2026-09-12,base,snapshots,11.0463,0.0,11.0463,2026-09-14T23:55Z
2026-09-12,base,vm,37.8763,-4.1924,33.6839,2026-09-24T04:50Z
2026-09-12,cpu,disks,1.0,0.0,1.0,2026-09-14T04:28Z
2026-09-12,cpu,network,0.242,0.0,0.242,2026-09-13T17:15Z
2026-09-12,cpu,vm,12.5773,-1.677,10.9004,2026-09-24T04:50Z
2026-09-12,gpu,disks,0.3969,0.0,0.3969,2026-09-13T06:59Z
2026-09-12,gpu,gpu,2.9288,0.0,2.9288,2026-09-15T21:29Z
2026-09-12,gpu,network,0.0483,0.0,0.0483,2026-09-13T07:19Z
2026-09-12,gpu,vm,3.9603,-0.2383,3.722,2026-09-15T22:03Z
2026-09-13,base,disks,26.5286,0.0,26.5286,2026-09-24T05:10Z
2026-09-13,base,filestore,2.4021,0.0,2.4021,2026-09-15T03:56Z
2026-09-13,base,gke-fee,4.8,0.0,4.8,2026-09-24T05:10Z
2026-09-13,base,logging,4.0645,0.0,4.0645,2026-09-15T03:56Z
2026-09-13,base,monitoring,0.8792,0.0,0.8792,2026-09-24T05:10Z
2026-09-13,base,network,5.6357,-1.47,4.1657,2026-09-24T05:10Z
2026-09-13,base,other,0.0524,0.0,0.0524,2026-09-14T22:31Z
2026-09-13,base,snapshots,10.8882,0.0,10.8882,2026-09-15T03:56Z
2026-09-13,base,vm,37.8764,-4.1924,33.684,2026-09-24T05:10Z
2026-09-13,cpu,disks,1.1528,0.0,1.1528,2026-09-15T03:56Z
2026-09-13,cpu,network,0.2804,0.0,0.2804,2026-09-14T16:10Z
2026-09-13,cpu,vm,14.4989,-1.9332,12.5657,2026-09-24T04:50Z
2026-09-13,gpu,disks,0.2989,0.0,0.2989,2026-09-14T08:07Z
2026-09-13,gpu,gpu,2.2066,0.0,2.2066,2026-09-24T04:50Z
2026-09-13,gpu,network,0.0378,0.0,0.0378,2026-09-14T11:25Z
2026-09-13,gpu,vm,2.9839,-0.1606,2.8233,2026-09-24T04:50Z
2026-09-14,base,disks,26.5302,0.0,26.5302,2026-09-16T06:35Z
2026-09-14,base,filestore,2.4021,0.0,2.4021,2026-09-16T11:07Z
2026-09-14,base,gke-fee,4.8,0.0,4.8,2026-09-16T14:07Z
2026-09-14,base,logging,5.5683,0.0,5.5683,2026-09-16T11:07Z
2026-09-14,base,monitoring,0.9372,0.0,0.9372,2026-09-16T18:51Z
2026-09-14,base,network,6.9556,-1.707,5.2486,2026-09-16T18:51Z
2026-09-14,base,other,0.0524,0.0,0.0524,2026-09-15T23:07Z
2026-09-14,base,snapshots,11.2116,0.0,11.2116,2026-09-16T19:06Z
2026-09-14,base,vm,37.8764,-3.8319,34.0445,2026-09-16T18:51Z
2026-09-14,cpu,disks,1.8826,0.0,1.8826,2026-09-16T06:35Z
2026-09-14,cpu,network,0.4586,0.0,0.4586,2026-09-16T18:51Z
2026-09-14,cpu,vm,23.6561,-2.8063,20.8498,2026-09-16T19:06Z
2026-09-14,gpu,disks,1.8412,0.0,1.8412,2026-09-16T11:58Z
2026-09-14,gpu,gpu,13.6035,-0.3299,13.2736,2026-09-16T19:06Z
2026-09-14,gpu,network,0.2016,0.0,0.2016,2026-09-15T19:09Z
2026-09-14,gpu,vm,18.3935,-0.8701,17.5234,2026-09-16T18:51Z
2026-09-15,base,disks,26.5816,0.0,26.5816,2026-09-21T03:16Z
2026-09-15,base,filestore,2.4021,0.0,2.4021,2026-09-17T05:29Z
2026-09-15,base,gke-fee,4.8,0.0,4.8,2026-09-21T03:13Z
2026-09-15,base,logging,5.6405,0.0,5.6405,2026-09-21T03:16Z
2026-09-15,base,monitoring,0.9655,0.0,0.9655,2026-09-21T03:16Z
2026-09-15,base,network,7.0551,-1.92,5.1351,2026-09-21T03:16Z
2026-09-15,base,other,0.0527,0.0,0.0527,2026-09-21T02:58Z
2026-09-15,base,snapshots,11.1111,0.0,11.1111,2026-09-21T03:13Z
2026-09-15,base,vm,37.8764,-3.6989,34.1774,2026-09-21T03:16Z
2026-09-15,cpu,disks,2.1147,0.0,2.1147,2026-09-17T05:29Z
2026-09-15,cpu,network,0.5792,0.0,0.5792,2026-09-21T03:13Z
2026-09-15,cpu,vm,26.4001,-2.8626,23.5375,2026-09-21T03:16Z
2026-09-15,gpu,disks,3.2078,0.0,3.2078,2026-09-17T05:29Z
2026-09-15,gpu,gpu,23.6997,-1.2863,22.4135,2026-09-21T03:13Z
2026-09-15,gpu,network,0.3673,0.0,0.3673,2026-09-16T15:30Z
2026-09-15,gpu,vm,32.0445,-2.3574,29.6871,2026-09-21T03:16Z
2026-09-16,base,disks,26.7148,0.0,26.7148,2026-09-23T01:50Z
2026-09-16,base,filestore,2.4021,0.0,2.4021,2026-09-20T10:20Z
2026-09-16,base,gke-fee,4.8,0.0,4.8,2026-09-23T00:41Z
2026-09-16,base,logging,6.8113,0.0,6.8113,2026-09-20T10:20Z
2026-09-16,base,monitoring,1.0144,0.0,1.0144,2026-09-23T00:43Z
2026-09-16,base,network,8.8667,-2.283,6.5837,2026-09-23T01:50Z
2026-09-16,base,other,0.0524,0.0,0.0524,2026-09-18T18:01Z
2026-09-16,base,snapshots,11.2927,0.0,11.2927,2026-09-23T00:43Z
2026-09-16,base,vm,37.8816,-5.6231,32.2585,2026-09-23T01:50Z
2026-09-16,cpu,disks,4.1322,0.0,4.1322,2026-09-17T22:44Z
2026-09-16,cpu,network,1.2634,0.0,1.2634,2026-09-23T00:43Z
2026-09-16,cpu,vm,51.4883,-7.7046,43.7837,2026-09-23T01:50Z
2026-09-16,gpu,disks,3.0251,0.0,3.0251,2026-09-18T06:18Z
2026-09-16,gpu,gpu,22.3692,-1.5741,20.795,2026-09-23T01:50Z
2026-09-16,gpu,network,0.5208,0.0,0.5208,2026-09-20T10:20Z
2026-09-16,gpu,vm,30.2457,-4.1501,26.0956,2026-09-23T00:41Z
2026-09-17,base,disks,26.807,0.0,26.807,2026-09-20T09:47Z
2026-09-17,base,filestore,2.4021,0.0,2.4021,2026-09-19T04:59Z
2026-09-17,base,gke-fee,4.8,0.0,4.8,2026-09-20T09:47Z
2026-09-17,base,logging,6.5294,0.0,6.5294,2026-09-19T04:59Z
2026-09-17,base,monitoring,1.0059,0.0,1.0059,2026-09-19T18:09Z
2026-09-17,base,network,8.2998,-1.941,6.3588,2026-09-20T09:47Z
2026-09-17,base,other,0.0524,0.0,0.0524,2026-09-19T04:59Z
2026-09-17,base,snapshots,11.4192,0.0,11.4192,2026-09-20T09:47Z
2026-09-17,base,vm,37.9654,-7.0473,30.9181,2026-09-20T09:47Z
2026-09-17,cpu,disks,2.3822,0.0,2.3822,2026-09-19T19:00Z
2026-09-17,cpu,network,0.7676,0.0,0.7676,2026-09-19T04:59Z
2026-09-17,cpu,vm,29.9238,-6.4535,23.4703,2026-09-20T09:47Z
2026-09-17,gpu,disks,3.3806,0.0,3.3806,2026-09-20T09:47Z
2026-09-17,gpu,gpu,24.9291,-1.3684,23.5607,2026-09-20T09:47Z
2026-09-17,gpu,network,0.5829,0.0,0.5829,2026-09-20T09:47Z
2026-09-17,gpu,vm,33.7079,-4.8108,28.8971,2026-09-20T09:47Z
2026-09-18,base,disks,26.9546,0.0,26.9546,2026-09-20T03:57Z
2026-09-18,base,filestore,2.4021,0.0,2.4021,2026-09-20T03:57Z
2026-09-18,base,gke-fee,4.8,0.0,4.8,2026-09-20T13:28Z
2026-09-18,base,logging,5.4296,0.0,5.4296,2026-09-20T03:57Z
2026-09-18,base,monitoring,1.0093,0.0,1.0093,2026-09-20T13:28Z
2026-09-18,base,network,6.8792,-1.911,4.9682,2026-09-20T07:48Z
2026-09-18,base,other,0.0524,0.0,0.0524,2026-09-19T22:54Z
2026-09-18,base,snapshots,11.2346,0.0,11.2346,2026-09-20T03:57Z
2026-09-18,base,vm,37.8764,-6.555,31.3213,2026-09-20T13:28Z
2026-09-18,cpu,disks,2.8889,0.0,2.8889,2026-09-20T03:57Z
2026-09-18,cpu,network,0.8458,0.0,0.8458,2026-09-19T17:42Z
2026-09-18,cpu,vm,36.1845,-6.8665,29.318,2026-09-20T13:28Z
2026-09-18,gpu,disks,2.0856,0.0,2.0856,2026-09-20T03:57Z
2026-09-18,gpu,gpu,15.4243,-1.292,14.1323,2026-09-20T13:28Z
2026-09-18,gpu,network,0.2404,0.0,0.2404,2026-09-19T17:34Z
2026-09-18,gpu,vm,20.8556,-3.9323,16.9234,2026-09-20T13:28Z
2026-09-19,base,disks,26.9546,0.0,26.9546,2026-09-21T05:18Z
2026-09-19,base,filestore,2.4021,0.0,2.4021,2026-09-21T05:18Z
2026-09-19,base,gke-fee,4.8,0.0,4.8,2026-09-24T02:25Z
2026-09-19,base,logging,3.9166,0.0,3.9166,2026-09-21T05:18Z
2026-09-19,base,monitoring,0.9813,0.0,0.9813,2026-09-24T02:25Z
2026-09-19,base,network,5.4025,-1.5,3.9026,2026-09-24T02:57Z
2026-09-19,base,other,0.0524,0.0,0.0524,2026-09-20T22:14Z
2026-09-19,base,snapshots,11.1252,0.0,11.1252,2026-09-24T02:25Z
2026-09-19,base,vm,37.8764,-8.3507,29.5257,2026-09-24T02:57Z
2026-09-19,cpu,disks,1.0002,0.0,1.0002,2026-09-21T05:18Z
2026-09-19,cpu,network,0.268,0.0,0.268,2026-09-21T05:18Z
2026-09-19,cpu,vm,12.5773,-3.3403,9.2371,2026-09-24T02:57Z
2026-09-19,gpu,disks,1.0665,0.0,1.0665,2026-09-21T05:18Z
2026-09-19,gpu,gpu,7.8815,-0.9577,6.9238,2026-09-24T02:25Z
2026-09-19,gpu,network,0.1344,0.0,0.1344,2026-09-20T22:14Z
2026-09-19,gpu,vm,10.6568,-3.0795,7.5772,2026-09-24T02:25Z
2026-09-20,base,disks,26.9555,0.0,26.9555,2026-09-23T21:57Z
2026-09-20,base,filestore,2.4021,0.0,2.4021,2026-09-22T04:53Z
2026-09-20,base,gke-fee,4.8,0.0,4.8,2026-09-26T15:46Z
2026-09-20,base,logging,4.3889,0.0,4.3889,2026-09-22T04:53Z
2026-09-20,base,monitoring,0.9897,0.0,0.9897,2026-09-23T21:57Z
2026-09-20,base,network,6.0468,-1.581,4.4659,2026-09-26T15:46Z
2026-09-20,base,other,0.0524,0.0,0.0524,2026-09-21T22:12Z
2026-09-20,base,snapshots,10.9373,0.0,10.9373,2026-09-23T21:57Z
2026-09-20,base,vm,37.888,-8.2356,29.6524,2026-09-26T15:46Z
2026-09-20,cpu,disks,1.0997,0.0,1.0997,2026-09-22T13:49Z
2026-09-20,cpu,network,0.3096,0.0,0.3096,2026-09-21T22:12Z
2026-09-20,cpu,vm,13.8158,-3.605,10.2108,2026-09-26T15:46Z
2026-09-20,gpu,disks,1.9825,0.0,1.9825,2026-09-22T04:53Z
2026-09-20,gpu,gpu,14.6716,-1.2944,13.3772,2026-09-26T15:46Z
2026-09-20,gpu,network,0.2519,0.0,0.2519,2026-09-26T15:46Z
2026-09-20,gpu,vm,19.837,-4.7568,15.0802,2026-09-26T15:46Z
2026-09-21,base,disks,26.9546,0.0,26.9546,2026-09-24T22:43Z
2026-09-21,base,filestore,2.4021,0.0,2.4021,2026-09-24T22:50Z
2026-09-21,base,gke-fee,4.8,0.0,4.8,2026-09-24T22:50Z
2026-09-21,base,logging,5.9358,0.0,5.9358,2026-09-23T11:38Z
2026-09-21,base,monitoring,1.0158,0.0,1.0158,2026-09-24T22:43Z
2026-09-21,base,network,7.479,-1.794,5.685,2026-09-24T22:50Z
2026-09-21,base,other,0.0524,0.0,0.0524,2026-09-22T21:30Z
2026-09-21,base,snapshots,11.2965,0.0,11.2965,2026-09-23T11:38Z
2026-09-21,base,vm,37.8764,-7.1251,30.7512,2026-09-24T22:50Z
2026-09-21,cpu,disks,1.9061,0.0,1.9061,2026-09-23T11:38Z
2026-09-21,cpu,network,0.7037,0.0,0.7037,2026-09-22T16:54Z
2026-09-21,cpu,vm,23.8604,-4.9527,18.9077,2026-09-24T22:50Z
2026-09-21,gpu,disks,2.6172,0.0,2.6172,2026-09-23T11:38Z
2026-09-21,gpu,gpu,19.3615,-1.7256,17.6359,2026-09-24T22:43Z
2026-09-21,gpu,network,0.3494,0.0,0.3494,2026-09-23T05:04Z
2026-09-21,gpu,vm,26.1791,-5.3248,20.8543,2026-09-24T22:50Z
2026-09-22,base,disks,26.9531,0.0,26.9531,2026-09-26T17:29Z
2026-09-22,base,filestore,2.4021,0.0,2.4021,2026-09-26T06:59Z
2026-09-22,base,gke-fee,4.8,0.0,4.8,2026-09-26T17:29Z
2026-09-22,base,logging,6.0827,0.0,6.0827,2026-09-24T07:07Z
2026-09-22,base,monitoring,1.0461,0.0,1.0461,2026-09-26T06:59Z
2026-09-22,base,network,8.0663,-1.905,6.1613,2026-09-26T17:29Z
2026-09-22,base,other,0.0524,0.0,0.0524,2026-09-26T06:48Z
2026-09-22,base,snapshots,11.8494,0.0,11.8494,2026-09-26T06:59Z
2026-09-22,base,vm,37.8764,-6.7187,31.1577,2026-09-26T17:29Z
2026-09-22,cpu,disks,2.1084,0.0,2.1084,2026-09-24T07:07Z
2026-09-22,cpu,network,0.7384,0.0,0.7384,2026-09-26T17:29Z
2026-09-22,cpu,vm,26.4806,-5.4357,21.0449,2026-09-26T17:29Z
2026-09-22,gpu,disks,3.8205,0.0,3.8205,2026-09-24T15:22Z
2026-09-22,gpu,gpu,28.2163,-2.2887,25.9276,2026-09-26T17:29Z
2026-09-22,gpu,network,0.8879,0.0,0.8879,2026-09-26T17:29Z
2026-09-22,gpu,vm,38.1516,-6.6887,31.4629,2026-09-26T17:29Z
2026-09-23,base,disks,26.9532,0.0,26.9532,2026-09-25T18:09Z
2026-09-23,base,filestore,2.4021,0.0,2.4021,2026-09-25T10:56Z
2026-09-23,base,gke-fee,4.8,0.0,4.8,2026-09-26T06:59Z
2026-09-23,base,logging,6.5356,0.0,6.5356,2026-09-26T06:59Z
2026-09-23,base,monitoring,1.0781,0.0,1.0781,2026-09-26T06:59Z
2026-09-23,base,network,8.1553,-2.151,6.0043,2026-09-26T06:59Z
2026-09-23,base,other,0.0524,0.0,0.0524,2026-09-25T03:37Z
2026-09-23,base,snapshots,11.5209,-0.1757,11.3451,2026-09-26T06:59Z
2026-09-23,base,vm,37.8763,-6.9002,30.9761,2026-09-26T06:59Z
2026-09-23,cpu,disks,3.6733,0.0,3.6733,2026-09-25T10:56Z
2026-09-23,cpu,network,1.1354,0.0,1.1354,2026-09-26T06:59Z
2026-09-23,cpu,vm,46.0997,-9.4703,36.6294,2026-09-26T06:59Z
2026-09-23,gpu,disks,3.8605,0.0,3.8605,2026-09-25T10:56Z
2026-09-23,gpu,gpu,28.4948,-3.5742,24.9206,2026-09-26T06:59Z
2026-09-23,gpu,network,0.4317,0.0,0.4317,2026-09-26T06:59Z
2026-09-23,gpu,vm,38.5281,-8.8229,29.7052,2026-09-26T06:59Z
2026-09-24,base,disks,26.9532,0.0,26.9532,2026-09-26T12:42Z
2026-09-24,base,filestore,2.4021,0.0,2.4021,2026-09-26T09:42Z
2026-09-24,base,gke-fee,4.7999,0.0,4.7999,2026-09-26T13:32Z
2026-09-24,base,logging,6.6364,0.0,6.6364,2026-09-26T09:42Z
2026-09-24,base,monitoring,1.0667,0.0,1.0667,2026-09-26T11:08Z
2026-09-24,base,network,8.3588,-2.085,6.2738,2026-09-26T11:08Z
2026-09-24,base,other,0.0524,0.0,0.0524,2026-09-25T22:27Z
2026-09-24,base,snapshots,12.4005,-0.7682,11.6323,2026-09-26T09:42Z
2026-09-24,base,vm,37.8763,-9.2863,28.59,2026-09-26T14:26Z
2026-09-24,cpu,disks,2.6592,0.0,2.6592,2026-09-26T09:42Z
2026-09-24,cpu,network,0.8766,0.0,0.8766,2026-09-26T11:08Z
2026-09-24,cpu,vm,33.4074,-9.5595,23.8479,2026-09-26T13:38Z
2026-09-24,gpu,disks,5.4662,0.0,5.4662,2026-09-26T09:42Z
2026-09-24,gpu,gpu,40.4092,-3.733,36.6763,2026-09-26T14:26Z
2026-09-24,gpu,network,2.0298,0.0,2.0298,2026-09-26T11:08Z
2026-09-24,gpu,vm,54.637,-10.438,44.199,2026-09-26T14:26Z
2026-09-25,base,disks,26.9784,0.0,26.9784,2026-09-26T17:29Z
2026-09-25,base,filestore,2.3964,0.0,2.3964,2026-09-26T17:29Z
2026-09-25,base,gke-fee,4.7943,0.0,4.7943,2026-09-26T17:29Z
2026-09-25,base,logging,5.3687,0.0,5.3687,2026-09-26T17:29Z
2026-09-25,base,monitoring,1.0476,0.0,1.0476,2026-09-26T17:29Z
2026-09-25,base,network,8.4064,-1.9489,6.4575,2026-09-26T17:29Z
2026-09-25,base,other,0.004,0.0,0.004,2026-09-26T17:29Z
2026-09-25,base,snapshots,12.8058,-1.2005,11.6052,2026-09-26T17:29Z
2026-09-25,base,vm,37.8397,-8.2711,29.5686,2026-09-26T17:29Z
2026-09-25,cpu,disks,2.5661,0.0,2.5661,2026-09-26T17:29Z
2026-09-25,cpu,network,0.9252,0.0,0.9252,2026-09-26T17:29Z
2026-09-25,cpu,vm,32.1364,-8.4902,23.6461,2026-09-26T17:29Z
2026-09-25,gpu,disks,3.6029,0.0,3.6029,2026-09-26T17:29Z
2026-09-25,gpu,gpu,26.6558,-4.0249,22.6309,2026-09-26T17:29Z
2026-09-25,gpu,network,0.6228,0.0,0.6228,2026-09-26T17:29Z
2026-09-25,gpu,vm,36.041,-9.6544,26.3866,2026-09-26T17:29Z
2026-09-26,base,disks,0.0003,0.0,0.0003,2026-09-26T17:29Z
2026-09-26,base,logging,0.6049,0.0,0.6049,2026-09-26T17:29Z
2026-09-26,base,monitoring,0.2351,0.0,0.2351,2026-09-26T17:29Z
2026-09-26,base,network,0.3227,-0.2234,0.0993,2026-09-26T17:29Z
2026-09-26,base,other,0.0484,0.0,0.0484,2026-09-26T17:29Z
2026-09-26,base,snapshots,0.0004,-0.0,0.0004,2026-09-26T17:29Z
2026-09-26,base,vm,0.0654,0.0,0.0654,2026-09-26T17:29Z
2026-09-26,cpu,network,0.0129,0.0,0.0129,2026-09-26T17:29Z
2026-09-26,gpu,network,0.0021,0.0,0.0021,2026-09-26T17:29Z
