date,namespace,net
2026-08-25,goog-k8s-unsupported-sku,3.6574
2026-08-26,goog-k8s-unsupported-sku,4.7548
2026-08-27,goog-k8s-unsupported-sku,4.4875
2026-08-28,goog-k8s-unsupported-sku,4.185
2026-08-29,goog-k8s-unsupported-sku,2.367
2026-08-30,goog-k8s-unsupported-sku,3.0762
2026-08-31,goog-k8s-unsupported-sku,5.7625
2026-09-01,goog-k8s-unsupported-sku,4.5202
2026-09-02,goog-k8s-unsupported-sku,6.5756
2026-09-03,goog-k8s-unsupported-sku,4.6816
2026-09-04,goog-k8s-unsupported-sku,4.7118
2026-09-05,goog-k8s-unsupported-sku,2.8297
2026-09-06,goog-k8s-unsupported-sku,3.4991
2026-09-07,goog-k8s-unsupported-sku,3.7958
2026-09-08,goog-k8s-unsupported-sku,6.4811
2026-09-08,kube:unallocated,0.0
2026-09-08,otter-stdalone-prod,0.0
2026-09-09,goog-k8s-unknown,0.0
2026-09-09,goog-k8s-unsupported-sku,5.7135
2026-09-09,kube:unallocated,0.0
2026-09-09,otter-stdalone-prod,0.0
2026-09-10,goog-k8s-unsupported-sku,4.708
2026-09-10,kube:unallocated,0.0
2026-09-10,otter-stdalone-prod,0.0
2026-09-11,goog-k8s-unsupported-sku,5.0062
2026-09-12,goog-k8s-unsupported-sku,2.7674
2026-09-13,goog-k8s-unknown,0.0
2026-09-13,goog-k8s-unsupported-sku,3.2664
2026-09-13,kube:unallocated,0.0
2026-09-13,otter-stdalone-prod,0.0
2026-09-14,goog-k8s-unsupported-sku,4.6483
2026-09-15,goog-k8s-unknown,0.0
2026-09-15,goog-k8s-unsupported-sku,4.849
2026-09-15,kube:unallocated,0.0
2026-09-15,otter-stdalone-prod,0.0
2026-09-16,gke-managed-cim,0.0399
2026-09-16,gmp-system,0.0041
2026-09-16,goog-k8s-unknown,0.7096
2026-09-16,goog-k8s-unsupported-sku,7.1135
2026-09-16,kube-system,0.287
2026-09-16,kube:system-overhead,0.191
2026-09-16,kube:unallocated,1.729
2026-09-16,otter-stdalone-prod,2.8193
2026-09-17,gke-managed-cim,0.0641
2026-09-17,gmp-system,0.0066
2026-09-17,goog-k8s-unknown,2.1188
2026-09-17,goog-k8s-unsupported-sku,6.4573
2026-09-17,kube-system,0.4604
2026-09-17,kube:system-overhead,0.3063
2026-09-17,kube:unallocated,2.7733
2026-09-17,otter-stdalone-prod,4.5223
2026-09-18,gke-managed-cim,0.0641
2026-09-18,gmp-system,0.0066
2026-09-18,goog-k8s-unknown,1.2516
2026-09-18,goog-k8s-unsupported-sku,4.7982
2026-09-18,kube-system,0.4604
2026-09-18,kube:system-overhead,0.3063
2026-09-18,kube:unallocated,2.7733
2026-09-18,otter-stdalone-prod,4.5223
2026-09-19,gke-managed-cim,0.0641
2026-09-19,gmp-system,0.0066
2026-09-19,goog-k8s-unknown,0.9405
2026-09-19,goog-k8s-unsupported-sku,2.9743
2026-09-19,kube-system,0.4605
2026-09-19,kube:system-overhead,0.3063
2026-09-19,kube:unallocated,2.7732
2026-09-19,otter-stdalone-prod,4.5224
2026-09-20,gke-managed-cim,0.0641
2026-09-20,gmp-system,0.0066
2026-09-20,goog-k8s-unknown,0.9874
2026-09-20,goog-k8s-unsupported-sku,3.7982
2026-09-20,kube-system,0.4614
2026-09-20,kube:system-overhead,0.3068
2026-09-20,kube:unallocated,2.7812
2026-09-20,otter-stdalone-prod,4.5229
2026-09-21,gke-managed-cim,0.0641
2026-09-21,gmp-system,0.0066
2026-09-21,goog-k8s-unknown,1.3824
2026-09-21,goog-k8s-unsupported-sku,5.5118
2026-09-21,kube-system,0.4604
2026-09-21,kube:system-overhead,0.3063
2026-09-21,kube:unallocated,2.7733
2026-09-21,otter-stdalone-prod,4.5223
2026-09-22,gke-managed-cim,0.0641
2026-09-22,gmp-system,0.0066
2026-09-22,goog-k8s-unknown,1.8325
2026-09-22,goog-k8s-unsupported-sku,6.5497
2026-09-22,kube-system,0.4604
2026-09-22,kube:system-overhead,0.3063
2026-09-22,kube:unallocated,2.7733
2026-09-22,otter-stdalone-prod,4.5223
2026-09-23,gke-managed-cim,0.064
2026-09-23,gmp-system,0.0066
2026-09-23,goog-k8s-unknown,1.6917
2026-09-23,goog-k8s-unsupported-sku,6.3383
2026-09-23,kube-system,0.4604
2026-09-23,kube:system-overhead,0.3063
2026-09-23,kube:unallocated,2.7733
2026-09-23,otter-stdalone-prod,4.5223
2026-09-24,gke-managed-cim,0.0641
2026-09-24,gmp-system,0.0066
2026-09-24,goog-k8s-unknown,1.887
2026-09-24,goog-k8s-unsupported-sku,7.9377
2026-09-24,kube-system,0.4604
2026-09-24,kube:system-overhead,0.3063
2026-09-24,kube:unallocated,2.7733
2026-09-24,otter-stdalone-prod,4.5223
2026-09-25,authoring,0.0866
2026-09-25,bcc,0.1377
2026-09-25,berea,0.0946
2026-09-25,bmcc,0.0866
2026-09-25,boise,0.1012
2026-09-25,calpolyslo,0.0948
2026-09-25,carrollu,0.0867
2026-09-25,cau,0.0869
2026-09-25,ccsf,0.5715
2026-09-25,chabot,0.0865
2026-09-25,chaffey,0.0911
2026-09-25,chaminade,0.0882
2026-09-25,chicagostate,0.0859
2026-09-25,clarku,17.0425
2026-09-25,cloud-county,0.0868
2026-09-25,cmu,0.1035
2026-09-25,cra,0.0865
2026-09-25,csm,0.1062
2026-09-25,csusm,0.101
2026-09-25,deanza,0.0867
2026-09-25,demo,0.0865
2026-09-25,elac,0.0865
2026-09-25,elcamino,0.2895
2026-09-25,emich,6.0595
2026-09-25,epcc,0.0947
2026-09-25,etsu,0.0869
2026-09-25,evc,0.2278
2026-09-25,fgcu,0.0946
2026-09-25,foothill,0.3356
2026-09-25,fresno,0.1335
2026-09-25,fullertoncc,0.0868
2026-09-25,georgetown,0.0867
2026-09-25,gke-managed-cim,0.0641
2026-09-25,glendale,0.1463
2026-09-25,gmp-system,0.0066
2026-09-25,golden,0.0865
2026-09-25,goog-k8s-unknown,1.2327
2026-09-25,goog-k8s-unsupported-sku,6.7541
2026-09-25,gpu-demo,0.0946
2026-09-25,gssm,0.0865
2026-09-25,gwu,0.4215
2026-09-25,high,0.4719
2026-09-25,hmc,0.0866
2026-09-25,howard,0.0867
2026-09-25,humboldt,0.2169
2026-09-25,iit,0.0867
2026-09-25,iub,0.0868
2026-09-25,ivytech,0.0868
2026-09-25,kean,0.0865
2026-09-25,kube-system,6.0969
2026-09-25,kube:system-overhead,4.6587
2026-09-25,kube:unallocated,31.7572
2026-09-25,lacc,0.1
2026-09-25,lahc,0.0866
2026-09-25,laney,0.1183
2026-09-25,laspositas,0.0963
2026-09-25,lavc,0.0866
2026-09-25,lbcc,0.201
2026-09-25,maine,0.1593
2026-09-25,mendocino,0.0866
2026-09-25,merced,0.0864
2026-09-25,merritt,0.0866
2026-09-25,miracosta,0.1187
2026-09-25,mission,0.0867
2026-09-25,mmc,0.0867
2026-09-25,monmouth,0.8057
2026-09-25,moreno,0.1832
2026-09-25,nicc,0.0868
2026-09-25,norco,0.1121
2026-09-25,nova,1.9887
2026-09-25,ocu,0.0867
2026-09-25,oit,0.0947
2026-09-25,orangecoast,0.0867
2026-09-25,ornl,0.0866
2026-09-25,otter-stdalone-prod,4.5209
2026-09-25,palomar,0.0865
2026-09-25,pasadena,0.0992
2026-09-25,psu,0.0944
2026-09-25,redwoods,0.0866
2026-09-25,reedley,0.0867
2026-09-25,ric,0.0948
2026-09-25,riohondo,0.0865
2026-09-25,saddleback,0.1528
2026-09-25,santiago,0.1045
2026-09-25,sbcc,0.1929
2026-09-25,shasta,0.1184
2026-09-25,sierra,0.134
2026-09-25,sjcc,0.0865
2026-09-25,skyline,0.0916
2026-09-25,smc,0.1357
2026-09-25,sou,0.3545
2026-09-25,spelman,0.1296
2026-09-25,srjc,0.116
2026-09-25,staging,0.083
2026-09-25,support,1.7239
2026-09-25,tiffin,0.0866
2026-09-25,tntech,0.1089
2026-09-25,toledo,0.0867
2026-09-25,tuskegee,0.0865
2026-09-25,uams,0.0946
2026-09-25,umd,0.087
2026-09-25,unc-chapel-hill,3.1424
2026-09-25,uncw,0.0865
2026-09-25,und,0.0866
2026-09-25,uta,0.0867
2026-09-25,utpb,0.0868
2026-09-25,uwyo,0.087
2026-09-25,virginia,0.0867
2026-09-25,wcu,0.0945
2026-09-25,weber,0.0868
2026-09-25,whitman,0.0867
2026-09-25,willamette,0.0868
2026-09-25,wlac,0.0867
2026-09-25,york,0.0946
2026-09-26,authoring,0.0006
2026-09-26,bcc,0.001
2026-09-26,berea,0.0
2026-09-26,bmcc,0.0004
2026-09-26,boise,0.0004
2026-09-26,calpolyslo,0.0002
2026-09-26,carrollu,0.0003
2026-09-26,cau,0.0
2026-09-26,ccsf,0.0003
2026-09-26,chabot,0.0003
2026-09-26,chaffey,0.0
2026-09-26,chaminade,0.0003
2026-09-26,chicagostate,0.0013
2026-09-26,clarku,0.0003
2026-09-26,cmu,0.0003
2026-09-26,cra,0.0003
2026-09-26,csm,0.0006
2026-09-26,deanza,0.0003
2026-09-26,elac,0.0003
2026-09-26,elcamino,0.0003
2026-09-26,emich,0.0
2026-09-26,etsu,0.0003
2026-09-26,evc,0.0003
2026-09-26,fgcu,0.0003
2026-09-26,foothill,0.0003
2026-09-26,fresno,0.0009
2026-09-26,fullertoncc,0.0
2026-09-26,georgetown,0.0
2026-09-26,glendale,0.0006
2026-09-26,golden,0.0003
2026-09-26,goog-k8s-unsupported-sku,0.1121
2026-09-26,gpu-demo,0.0006
2026-09-26,gssm,0.0003
2026-09-26,gwu,0.001
2026-09-26,high,0.0006
2026-09-26,hmc,0.0003
2026-09-26,howard,0.0
2026-09-26,kean,0.0006
2026-09-26,kube-system,0.0174
2026-09-26,kube:system-overhead,0.0025
2026-09-26,kube:unallocated,0.0165
2026-09-26,lacc,0.0006
2026-09-26,lahc,0.0009
2026-09-26,laney,0.0006
2026-09-26,lavc,0.0
2026-09-26,lbcc,0.0003
2026-09-26,mendocino,0.0003
2026-09-26,merritt,0.0003
2026-09-26,miracosta,0.0007
2026-09-26,mission,0.0
2026-09-26,mmc,0.0003
2026-09-26,moreno,0.0
2026-09-26,norco,0.0003
2026-09-26,nova,0.0003
2026-09-26,ocu,0.0007
2026-09-26,orangecoast,0.0
2026-09-26,palomar,0.0007
2026-09-26,pasadena,0.0
2026-09-26,redwoods,0.0007
2026-09-26,reedley,0.0003
2026-09-26,riohondo,0.0014
2026-09-26,saddleback,0.0007
2026-09-26,sbcc,0.0003
2026-09-26,shasta,0.0004
2026-09-26,sierra,0.0
2026-09-26,sjcc,0.0003
2026-09-26,sou,0.0003
2026-09-26,spelman,0.0003
2026-09-26,srjc,0.0013
2026-09-26,support,0.0005
2026-09-26,toledo,0.0
2026-09-26,tuskegee,0.0003
2026-09-26,umd,0.0006
2026-09-26,uncw,0.0
2026-09-26,und,0.0003
2026-09-26,uwyo,0.0003
2026-09-26,virginia,0.0003
2026-09-26,whitman,0.0003
2026-09-26,york,0.0
